repeated_times,Accuracy,Precision,Recall,F1,AUC,Process Time
30,0.8805739514348784,0.7277256477037272,0.6285437049899387,0.6528822681096252,0.6285437049899387,1.0394282976786295
