repeated_times,Accuracy,Precision,Recall,F1,AUC,Process Time
30,0.9012820512820511,0.800132502038331,0.6602291652326148,0.6960278554462308,0.6602291652326148,0.5370828946431477
