repeated_times,Accuracy,Precision,Recall,F1,AUC,Process Time
30,0.8758706467661693,0.8175833365113708,0.7598577273554461,0.7801481722617712,0.7598577273554461,0.697690749168396
