repeated_times,Accuracy,Precision,Recall,F1,AUC,Process Time
30,0.899425287356322,0.7600039430918822,0.603372285211526,0.6253613155015809,0.603372285211526,0.447778574625651
