repeated_times,Accuracy,Precision,Recall,F1,AUC,Process Time
30,0.8431767337807606,0.838078061895316,0.5949574207153753,0.6135031411038651,0.5949574207153753,1.2803362766901651
