repeated_times,Accuracy,Precision,Recall,F1,AUC,Process Time
30,0.6487179487179487,0.6170659581831863,0.7748274590911757,0.5698818918138928,0.7748274590911757,1.1618962367375691
