repeated_times,Accuracy,Precision,Recall,F1,AUC,Process Time
30,0.49310344827586206,0.581908998486037,0.6952822672798626,0.443629204505407,0.6952822672798626,0.6480920155843098
