repeated_times,Accuracy,Precision,Recall,F1,AUC,Process Time
30,0.6291390728476821,0.6157911971283038,0.7660263953268633,0.5588245570629218,0.7660263953268633,1.5605355024337768
