repeated_times,Accuracy,Precision,Recall,F1,AUC,Process Time
30,0.5638702460850112,0.6410139425608506,0.7212198645161201,0.5446641005390468,0.7212198645161201,3.1140796661376955
