repeated_times,Accuracy,Precision,Recall,F1,AUC,Process Time
30,0.6629353233830846,0.6554409336844459,0.7475567544971385,0.622654922440612,0.7475567544971385,1.2966934045155842
