repeated_times,Accuracy,Precision,Recall,F1,AUC,Process Time
30,0.8834605597964378,0.8456453888293384,0.7692008872596998,0.7894363947519185,0.7692008872596998,0.4985867420832316
