repeated_times,Accuracy,Precision,Recall,F1,AUC,Process Time
30,0.8771111111111113,0.710990629432027,0.626608049880298,0.6495433604287328,0.626608049880298,0.6045832872390747
